{
  "train_loss": [
    0.19750021603350554,
    0.13691193266241622,
    0.10955663536417427,
    0.08942931270897679,
    0.07389548469328272,
    0.06080286886552651,
    0.05112469569434673,
    0.041934241538793146,
    0.0360808091213531,
    0.03245128156725366,
    0.06730686961731126,
    0.06318244603634092,
    0.05827420032430155,
    0.054366723062555036,
    0.051215650083177265,
    0.04789346725023205,
    0.04486971646334177,
    0.04165560441046842,
    0.03938119781285868,
    0.03661083969215054
  ],
  "val_loss": [
    0.16091993705627594,
    0.15401236028743584,
    0.13860421001861586,
    0.1332814892771222,
    0.1400127200022014,
    0.15465803840844988,
    0.16778963300790226,
    0.21090058562787797,
    0.23542312456783734,
    0.2674707038854842,
    0.14986682555399447,
    0.146598299630845,
    0.18327685138404864,
    0.19311531651146394,
    0.17076310853652782,
    0.19618347225810837,
    0.19973075513376456,
    0.24311563113647475,
    0.20455743811030844,
    0.2672762765631941
  ],
  "train_acc": [
    0.9259816855996104,
    0.947679507541879,
    0.9586095824354905,
    0.9663631242062646,
    0.9716594680102744,
    0.9756985667406161,
    0.9785377125778617,
    0.9809949105446258,
    0.9828600893121437,
    0.9840091158225088,
    0.9739798013234494,
    0.9753834597474688,
    0.9763287807269104,
    0.9779361446818533,
    0.9785759073649098,
    0.9794671190626999,
    0.9802246490058215,
    0.98120179897447,
    0.981895670939178,
    0.9824272150589314
  ],
  "val_acc": [
    0.9395469736353509,
    0.9469439287040475,
    0.9504493130337913,
    0.9538358707760861,
    0.9550241366505756,
    0.9556479762346826,
    0.9564797623468251,
    0.9554697363535091,
    0.9546973635350909,
    0.9553954697363535,
    0.9543111771258819,
    0.952172298551801,
    0.9554697363535091,
    0.9548607500928332,
    0.956717415521723,
    0.955959896026736,
    0.9558262161158559,
    0.9560787226141849,
    0.9574452283698478,
    0.952929818046788
  ],
  "learning_rates": [
    0.0009755527298894294,
    0.0009046039886902864,
    0.0007940987335200904,
    0.0006548539886902864,
    0.0005005000000000001,
    0.0003461460113097139,
    0.00020690126647990973,
    9.639601130971382e-05,
    2.5447270110570814e-05,
    0.001,
    0.0009938503261272714,
    0.0009755527298894294,
    0.0009455577588320898,
    0.0009046039886902864,
    0.0008536998372026805,
    0.0007940987335200904,
    0.0007272682546199037,
    0.0006548539886902864,
    0.0005786390152875954,
    0.0005005000000000001
  ]
}