{
  "bilstm": {
    "accuracy": 0.9570590419606387,
    "f1_score": 0.9565325121112976,
    "precision": 0.9562085307313944,
    "recall": 0.9570590419606387
  },
  "cnn": {
    "accuracy": 0.9593316004455997,
    "f1_score": 0.9581907203806204,
    "precision": 0.9580922178344102,
    "recall": 0.9593316004455997
  },
  "lexical_only": {
    "accuracy": 0.9571778685480876,
    "f1_score": 0.9561763122668113,
    "precision": 0.9558978185428308,
    "recall": 0.9571778685480876
  },
  "semantic_only": {
    "accuracy": 0.9256739695506869,
    "f1_score": 0.9198725311138005,
    "precision": 0.9203971049411562,
    "recall": 0.9256739695506869
  },
  "structural_only": {
    "accuracy": 0.9582473078351281,
    "f1_score": 0.9574187167396333,
    "precision": 0.9571162329433681,
    "recall": 0.9582473078351281
  },
  "no_attention": {
    "accuracy": 0.9566877088748608,
    "f1_score": 0.9560613074549175,
    "precision": 0.955715099036517,
    "recall": 0.9566877088748608
  },
  "trifuse": {
    "accuracy": 0.9586780542146305,
    "f1_score": 0.9578159589902385,
    "precision": 0.9575353971982452,
    "recall": 0.9586780542146305
  }
}